-- phpMyAdmin SQL Dump
-- version 5.0.3
-- https://www.phpmyadmin.net/
--
-- Host: 127.0.0.1
-- Generation Time: Nov 12, 2020 at 04:00 PM
-- Server version: 10.4.14-MariaDB
-- PHP Version: 7.2.34

SET SQL_MODE = "NO_AUTO_VALUE_ON_ZERO";
START TRANSACTION;
SET time_zone = "+00:00";


/*!40101 SET @OLD_CHARACTER_SET_CLIENT=@@CHARACTER_SET_CLIENT */;
/*!40101 SET @OLD_CHARACTER_SET_RESULTS=@@CHARACTER_SET_RESULTS */;
/*!40101 SET @OLD_COLLATION_CONNECTION=@@COLLATION_CONNECTION */;
/*!40101 SET NAMES utf8mb4 */;

--
-- Database: `stducorp`
--

-- --------------------------------------------------------

--
-- Table structure for table `class`
--

CREATE TABLE `class` (
  `classid` int(11) NOT NULL,
  `classname` varchar(20) NOT NULL
) ENGINE=InnoDB DEFAULT CHARSET=utf8mb4;

--
-- Dumping data for table `class`
--

INSERT INTO `class` (`classid`, `classname`) VALUES
(1, 'SE COMPS'),
(2, 'SE IT'),
(3, 'SE EXTC'),
(4, 'TE COMPS'),
(5, 'TE IT'),
(6, 'TE EXTC');

-- --------------------------------------------------------

--
-- Table structure for table `courses`
--

CREATE TABLE `courses` (
  `cid` int(11) NOT NULL,
  `cname` varchar(50) NOT NULL
) ENGINE=InnoDB DEFAULT CHARSET=utf8mb4;

--
-- Dumping data for table `courses`
--

INSERT INTO `courses` (`cid`, `cname`) VALUES
(1, 'Computer Engineering'),
(2, 'Information Technology Engineering'),
(3, 'Electronics and Telecommunication Engineering');

-- --------------------------------------------------------

--
-- Table structure for table `department`
--

CREATE TABLE `department` (
  `did` int(11) NOT NULL,
  `dname` varchar(20) NOT NULL
) ENGINE=InnoDB DEFAULT CHARSET=utf8mb4;

--
-- Dumping data for table `department`
--

INSERT INTO `department` (`did`, `dname`) VALUES
(1, 'COMPS'),
(2, 'IT'),
(3, 'EXTC');

-- --------------------------------------------------------

--
-- Table structure for table `instructor`
--

CREATE TABLE `instructor` (
  `iid` int(11) NOT NULL,
  `iname` varchar(20) NOT NULL,
  `ipost` varchar(20) DEFAULT NULL,
  `did` int(11) NOT NULL,
  `classid` int(11) NOT NULL
) ENGINE=InnoDB DEFAULT CHARSET=utf8mb4;

--
-- Dumping data for table `instructor`
--

INSERT INTO `instructor` (`iid`, `iname`, `ipost`, `did`, `classid`) VALUES
(1, 'Lalita', 'Professor', 3, 6),
(2, 'Kavita', 'Professor', 1, 4),
(3, 'Sulochana', 'Professor', 2, 5),
(4, 'Madhura', 'Professor', 3, 3),
(5, 'Kirti', 'Professor', 1, 1),
(6, 'Chaya', 'HOD', 2, 2);

-- --------------------------------------------------------

--
-- Table structure for table `student`
--

CREATE TABLE `student` (
  `sid` int(11) NOT NULL,
  `sname` varchar(20) NOT NULL,
  `sgender` varchar(7) NOT NULL,
  `saddress` varchar(20) DEFAULT NULL,
  `did` int(11) NOT NULL,
  `cid` int(11) NOT NULL,
  `classid` int(11) NOT NULL
) ENGINE=InnoDB DEFAULT CHARSET=utf8mb4;

--
-- Dumping data for table `student`
--

INSERT INTO `student` (`sid`, `sname`, `sgender`, `saddress`, `did`, `cid`, `classid`) VALUES
(1, 'Sanjana', 'F', 'Mumbai', 3, 3, 6),
(2, 'Mandar', 'M', NULL, 1, 1, 4),
(3, 'Jayesh', 'M', NULL, 2, 2, 5);

--
-- Indexes for dumped tables
--

--
-- Indexes for table `courses`
--
ALTER TABLE `courses`
  ADD PRIMARY KEY (`cid`);

--
-- Indexes for table `department`
--
ALTER TABLE `department`
  ADD PRIMARY KEY (`did`);

--
-- Indexes for table `instructor`
--
ALTER TABLE `instructor`
  ADD PRIMARY KEY (`iid`);

--
-- Indexes for table `student`
--
ALTER TABLE `student`
  ADD PRIMARY KEY (`sid`);

--
-- AUTO_INCREMENT for dumped tables
--

--
-- AUTO_INCREMENT for table `courses`
--
ALTER TABLE `courses`
  MODIFY `cid` int(11) NOT NULL AUTO_INCREMENT, AUTO_INCREMENT=4;

--
-- AUTO_INCREMENT for table `department`
--
ALTER TABLE `department`
  MODIFY `did` int(11) NOT NULL AUTO_INCREMENT, AUTO_INCREMENT=4;

--
-- AUTO_INCREMENT for table `instructor`
--
ALTER TABLE `instructor`
  MODIFY `iid` int(11) NOT NULL AUTO_INCREMENT, AUTO_INCREMENT=8;

--
-- AUTO_INCREMENT for table `student`
--
ALTER TABLE `student`
  MODIFY `sid` int(11) NOT NULL AUTO_INCREMENT, AUTO_INCREMENT=10;
COMMIT;

/*!40101 SET CHARACTER_SET_CLIENT=@OLD_CHARACTER_SET_CLIENT */;
/*!40101 SET CHARACTER_SET_RESULTS=@OLD_CHARACTER_SET_RESULTS */;
/*!40101 SET COLLATION_CONNECTION=@OLD_COLLATION_CONNECTION */;
